id,section,title,authors,journal,year,area,country,type,doi_url,doi_label,pdf_file,extra_url_1,extra_label_1,extra_url_2,extra_label_2
1,journal,"X-Ray Diffraction of Infrared Quantum Bragg Mirror Detector Structures Designed by Genetic Algorithm","Jailson Oliveira Santana; <b>José Eduardo Ruiz Rosero</b>; Pedro Henrique Pereira; Luciana Dornelas Pinto; Rudy Massami Sakamoto Kawabata; Jéssica de Oliveira Lorenzi; Guilherme Monteiro Torelly; Patrícia Lustoza de Souza; Maurício Pamplona Pires; Germano Maioli Penello","Journal of Integrated Circuits and Systems, 2026.",2026,nanotech,brazil,journal,"https://doi.org/10.29292/jics.v21i1.1198","DOI / Source","files/publications/xray_diffraction_infrared_quantum_bragg_2026.pdf","",""
2,journal,"Genetic algorithm optimization of quantum Bragg mirror detectors","<b>Jose E. Ruiz</b>; Pedro H. Pereira; Guilherme M. Torelly; Patricia L. Souza; Mauricio P. Pires; Germano M. Penello","APL Electronic Devices, 2026.",2026,nanotech,brazil,journal,"https://doi.org/10.1063/5.0315540","DOI / Source","files/publications/genetic_algorithm_optimization_quantum_bragg_2026.pdf","",""
3,journal,"Mapping and Optimization of Oscillator Strength in Quantum Bragg Mirror Detectors as a Function of their Dimensions","<b>Jose E. Ruiz</b>; Pedro H. Pereira; Germano M. Penello; Guilherme M. Torelly; Patricia L. Souza; Mauricio P. Pires","2023 37th Symposium on Microelectronics Technology and Devices (SBMicro).",2023,nanotech,brazil,journal,"https://doi.org/10.1109/SBMicro60499.2023.10302557","DOI / Source","files/publications/mapping_optimization_oscillator_strength_2023.pdf","",""
4,journal,"Cognitive Search: a free information retrieval web service to coronavirus scientific papers","Cristian Enrique Munoz Villalobos; Leonardo Alfredo Forero Mendoza; Renato Sayão da Rocha; <b>Jose Eduardo Ruiz</b>; Harold De Mello; Marco Aurélio Cavalcanti Pacheco","IEEE ColCACI 2023: IEEE Colombian Conference on Applications of Computational Intelligence.",2023,"machine-learning","brazil;colombia",journal,"https://doi.org/10.1109/ColCACI59285.2023.10225924","DOI / Source","files/publications/cognitive_search_web_service_coronavirus_2023.pdf","",""
5,journal,"A Free Web Service for Fast COVID-19 Classification of Chest X-Ray Images with Artificial Intelligence","Jose David Bermudez Castro; <b>Jose E. Ruiz</b>; Pedro Achanccaray Diaz; Smith Arauco Canchumuni; Cristian Muñoz Villalobos; Felipe Borges Coelho; Leonardo Forero Mendoza; Marco Aurelio C. Pacheco","Computational Science and Its Applications – ICCSA 2022. Lecture Notes in Computer Science, vol 13375. Springer, Cham.",2022,machine-learning,"brazil;international",journal,"https://doi.org/10.1007/978-3-031-10522-7_29","DOI / Source","files/publications/web_service_fast_covid19_classification_2022.pdf","",""
6,journal,"e-mulate: a user-friendly software to calculate optoelectronic properties of quantum well systems","Pereira, P. H.; Torelly, G. M.; Lacerda, M. S.; Souza, D. R.; <b>Ruiz, J. E.</b>; Souza, V. R.; Chipana, L. A.; Souza, P. L.; Penello, G. M.; Pires, M. P.","2021 35th Symposium on Microelectronics Technology and Devices (SBMicro).",2021,nanotech,brazil,journal,"https://doi.org/10.1109/SBMicro50945.2021.9585740","DOI / Source","files/publications/emulate_software_optoelectronic_2021.pdf","",""
7,journal,"Nitrogen and carbon incorporation in GaNxAs1-x grown in a showerhead MOVPE reactor","<b>Ruiz, J. E.</b>; Lackner, D.; Souza, P.L.; Dimroth, F.; Ohlmann, J.","Journal of Crystal Growth, v 557, 125998, 2021.",2021,nanotech,"germany;brazil",journal,"https://doi.org/10.1016/j.jcrysgro.2020.125998","DOI / Source","files/publications/nitrogen_carbon_incorporation_2021.pdf","",""
8,journal,"A free web service for fast COVID-19 classification of chest X-Ray images","Jose David Bermudez Castro; Ricardo Rei; <b>Jose E. Ruiz</b>; Pedro Achanccaray Diaz; Smith Arauco Canchumuni; Cristian Muñoz Villalobos; Felipe Borges Coelho; Leonardo Forero Mendoza; Marco Aurelio C. Pacheco","arXiv 2009.01657. 2020.",2020,machine-learning,"brazil;international",journal,"https://doi.org/10.48550/arXiv.2009.01657","DOI / Source","files/publications/free_web_service_covid19_arxiv_2020.pdf","",""
9,journal,"Otimização da malha metálica de dedos coletores para o contato elétrico frontal de células solares por algoritmos genéticos","PEJENDINO, R. C.; MICHA, D. N.; <b>RUIZ, J. E.</b>; WEINER, E. C.; PIRES, M. P.; SOUZA, P. L.","VII Congresso Brasileiro de Energia Solar – CBENS, 2018.",2018,solar-energy,brazil,journal,"https://anaiscbens.emnuvens.com.br/cbens/article/view/259","Source","files/publications/otimizacao_malha_metalica_2018.pdf","",""
10,journal,"Optimization of contact grids for solar cells with genetic algorithms","PEJENDINO, R. C.; <b>RUIZ, J. E.</b>; WEINER, E.; MICHA, D. N.; PIRES, M. P.; SOUZA, P. L.","32nd Symposium on Microelectronics Technology and Devices (SBMicro). 2017.",2017,"solar-energy;nanotech",brazil,journal,"https://doi.org/10.1109/SBMicro.2017.8112975","DOI / Source","files/publications/optimization_contact_grids_solar_cells_2017.pdf","",""
11,journal,"Optimization of digital image processing to determine quantum dots height and density from atomic force microscopy","<b>RUIZ, J. E.</b>; PACIORNIK, S.; PINTO, L. D.; PTAK, F.; PIRES, M. P.; SOUZA, P. L.","Ultramicroscopy, v. 184, p. 234-241. 2017.",2017,nanotech,brazil,journal,"https://doi.org/10.1016/j.ultramic.2017.09.004","DOI / Source","files/publications/optimization_digital_image_processing_2017.pdf","",""
12,journal,"Optimization in digital image processing to determine quantum dots heights from atomic force microscopy","<b>RUIZ, J. E.</b>; SOUZA, P. L.; DORNELAS, L. P.; PIRES, M. P.","XIV Brazil MRS Meeting, Rio de Janeiro. 2015.",2015,nanotech,brazil,journal,"http://sbpmat.org.br/14encontro/anais/pdfs/plenary/ASEA.pdf","Source","files/publications/optimization_digital_image_mrs_2015.pdf","",""
13,journal,"Early nucleation stages of low density InAs quantum dots nucleation on GaAs by MOVPE","TORELLY, G.; JAKOMIN, R.; PINTO, L. D.; PIRES, M. P.; <b>RUIZ, J.</b>; CALDAS, P. G.; PRIOLI, R.; XIE, H.; PONCE, F. A.; SOUZA, P. L.","Journal of Crystal Growth, v. 434, p. 47-54. 2015.",2015,nanotech,brazil,journal,"https://doi.org/10.1016/j.jcrysgro.2015.10.031","DOI / Source","files/publications/early_nucleation_stages_inas_2015.pdf","",""
14,conference,"Cybersecurity as a Pillar of Sustainable Development and Commercial Stability: Perspective from Digital Interdependence","<b>Jose Eduardo Ruiz Rosero</b>","XI UNADE International Symposium 2025: ""National Security and Trade: Strategy for Sustainable Development"", Dominican Republic. 2025.",2025,cybersecurity,dom-republic,conference,"https://unade.edu.do/simposio-internacional/","Web Event","files/publications/cybersecurity_pillar_sustainable_2025.pdf","https://www.youtube.com/live/hy1DNI7qKws?si=EnFZyJxDX8pqYDld&t=23600","Video"
15,conference,"X-Ray Diffraction of Infrared Quantum Bragg Mirror Detectors Structures Designed by Artificial Intelligence","Jailson Santana; <b>Jose E. R. Rosero</b>; Pedro Henrique Pereira; Luciana D. Pinto; Rudy M. S. Kawabata; Guilherme M. Torelly; Germano M. Penello; Patrícia L. Souza; Mauricio P. Pires","SBMicro – 39th symposium on microelectronics technology and devices – Chip in the Jungle. 2025.",2025,nanotech,brazil,conference,"https://sites.google.com/uea.edu.br/chip-in-the-jungle-2025/Program/program/sbmicro-program","Program","files/publications/xray_diffraction_chip_in_jungle_2025.pdf","",""
16,conference,"Optimizing Quantum Bragg Mirror Detector: A Genetic Algorithm Approach","Pedro H. Pereira; <b>Jose E. Ruiz</b>; Guilherme M. Torelly; Mauricio P. Pires; Patricia L. Souza; Germano M. Penello","Mid-IR Optoelectronics: Materials and Devices XVII 2025, Vienna, Austria. 2025.",2025,nanotech,austria,conference,"https://miomd2025.conf.tuwien.ac.at/","Web Event","files/publications/optimizing_quantum_bragg_miomd_2025.pdf","",""
17,conference,"Ethical and Social Challenges in the Age of Human Enhancement: How Converging Technologies Could Transform Our Individuality and Behavior","<b>Jose Eduardo Ruiz Rosero</b>","XX International Humanities Congress ""Cyborg: The Human Condition in a Transhumanist World"", Bucaramanga, Colombia. 2023.",2023,cybersecurity,colombia,conference,"https://humanidades.ustabuca.edu.co/index.php/extencion/congreso-2023","Web Event","files/publications/ethical_social_challenges_human_enhancement_2023.pdf","https://www.youtube.com/live/KUPJM2GgcKo?feature=share&t=3369","Video"
18,conference,"Panel Discussion: Cyborg: The Human Condition in a Transhumanist World","<b>Jose Eduardo Ruiz Rosero</b>","XX International Humanities Congress, Bucaramanga, Colombia. 2023.",2023,cybersecurity,colombia,conference,"https://humanidades.ustabuca.edu.co/index.php/extencion/congreso-2023","Web Event","files/publications/panel_discussion_transhumanist_2023.pdf","https://www.youtube.com/live/pTePCup8ukg?feature=share&t=4014","Video"
19,conference,"Quantum Bragg Mirror Detector Optimization Applying Genetic Algorithms","<b>Jose Ruiz</b>; Pedro H. Pereira; Germano M. Penello; Guilherme M. Torelly; Patricia L. Souza; Mauricio P. Pires","Autumn Meeting of the Brazilian Physical Society, Ouro Preto. 2023.",2023,nanotech,brazil,conference,"https://sec.sbfisica.org.br/eventos/eosbf/2023/sys/resumos/R0784-1.pdf","Source","files/publications/quantum_bragg_optimization_autumn_2023.pdf","",""
20,conference,"Mapping and Optimization of Oscillator Strength in Quantum Bragg Mirror Detectors as a Function of their Dimensions","<b>Jose Ruiz</b>; Pedro H. Pereira; Germano M. Penello; Guilherme M. Torelly; Patricia L. Souza; Mauricio P. Pires","SBMicro – 37th symposium on microelectronics technology and devices – Chip in Rio. 2023.",2023,nanotech,brazil,conference,"#","Source","files/publications/mapping_optimization_sbmicro_2023.pdf","",""
21,conference,"Dilute Nitride GaInNAs Growth with Low Decomposition Temperature Precursors by MOVPE","<b>RUIZ, J. E.</b>; OHLMANN, J.; DIMROTH, F.; LACKNER, D.","DGKK ""Deutsche Gesellschaft für Kristallwachstum und Kristallzüchtung"" – Freiburg im Breisgau – Germany. 2017.",2017,nanotech,germany,conference,"https://www.ise.fraunhofer.de/content/dam/ise/de/downloads/pdf/DGKK_2017_Homepage-Programm.pdf","Source","files/publications/dilute_nitride_gainnas_growth_2017.pdf","",""
22,conference,"Simulação e otimização de células solares simples e multijunção com algoritmos genéticos","PACHECO, M. A. C.; <b>RUIZ, J. E.</b>; GALVÃO, P.","XIX CECEMM: Congresso dos Estudantes de Ciência e Engenharia de Materiais do MERCOSUL. 2017.",2017,solar-energy,brazil,conference,"#","Source","files/publications/simulacao_otimizacao_celulas_solares_2017.pdf","",""
23,conference,"Dependence of the strain of InAs/InGaAlAs QDs on their size","<b>RUIZ, J. E.</b>; PIRES, M. P.; SOUZA, P. L.","XIV Brazil MRS Meeting, Rio de Janeiro. 2015.",2015,nanotech,brazil,conference,"http://sbpmat.org.br/14encontro/anais/pdfs/plenary/ASEV.pdf","Source","files/publications/dependence_strain_inas_2015.pdf","",""
24,conference,"From InAs extended monolayer flat 2D terraces to 3D islands grown on GaAs substrates","Torelly, G; <b>RUIZ, J.</b>; JAKOMIN, R.; DORNELAS, L. P.; PIRES, M. P.; CALDAS, P. G.; PRIOLI, R.; XIE, H.; PONCE, F. A.; SOUZA, P. L.","XIV Brazil MRS Meeting, Rio de Janeiro. 2015.",2015,nanotech,brazil,conference,"#","Source","files/publications/from_inas_extended_monolayer_2015.pdf","",""
25,book,"Otimização da malha metálica de dedos coletores para o contato elétrico frontal de células solares por algoritmos genéticos","Roberto Carlos Pejendino Jojoa; Daniel Neves Micha; <b>Jose Eduardo Ruiz Rosero</b>; Eleonora Cominato Weiner; Mauricio Pamplona Pires; Patrícia Lustoza de Souza","Energia no Brasil. 1ed.: Editora Poisson, v. 1, p. 89-101. 2019.",2019,solar-energy,brazil,book,"https://doi.org/10.5935/978-85-7042-107-4","DOI / Source","files/publications/book_otimizacao_malha_metalica_2019.pdf","",""
26,patent,"Method for Extracting and Structuring Information","<b>Jose Eduardo Ruiz</b> (et. al)","BR 10 2021 023977-8. Issued Nov 26, 2021 – Journal number: 2662 – Section VI patents. 2021.",2021,machine-learning,brazil,patent,"http://revistas.inpi.gov.br/rpi/","Source","files/publications/patent_method_extracting_structuring_info_2021.pdf","",""
