id,section,year,title,authors,journal,area,country,type,doi_url,doi_label,pdf_file,link,event_site,extra_url_2,extra_label_2
1,Papers published in refereed journals,"2026","X-Ray Diffraction of Infrared Quantum Bragg Mirror Detector Structures Designed by Genetic Algorithm.","Jailson Oliveira Santana; Jose Eduardo Ruiz Rosero; Pedro Henrique Pereira; Luciana Dornelas Pinto; Rudy Massami Sakamoto Kawabata; Jéssica de Oliveira Lorenzi; Guilherme Monteiro Torelly; Patrícia Lustoza de Souza; Maurício Pamplona Pires; Germano Maioli Penello","Journal of Integrated Circuits and Systems. Vol. 21 No. 1.","","","journal","https://doi.org/10.29292/jics.v21i1.1198","","files\publications\papers\Oliveira Santana, J. 2026 - X-Ray Diffraction of Infrared Quantum Bragg Mirror Detector Structures Designed by Genetic Algorithm.pdf",
1,Papers published in refereed journals,"2026","Genetic algorithm optimization of quantum Bragg mirror detectors.","Jose E. Ruiz; Pedro H. Pereira ; Guilherme M. Torelly ; Patricia L. Souza; Mauricio P. Pires ; Germano M. Penello ","APL Electronic Devices. Volume 2, Issue 1.","","","journal","https://doi.org/10.1063/5.0315540","","files\publications\papers\Ruiz, J. 2026 - Genetic algorithm optimization of quantum Bragg mirror detectors.pdf",
1,Papers published in refereed journals,"2021","Nitrogen and carbon incorporation in GaNxAs1-x grown in a showerhead MOVPE reactor.","Ruiz, J. E.; Lackner, D.; Souza, P.L.; Dimroth, F.; Ohlmann, J.","Journal of Crystal Growth, v 557, 125998.","","","journal","http://sbpmat.org.br/14encontro/anais/pdfs/plenary/ASEV.pdf","","files\publications\papers\Ruiz, J. 2021 - Nitrogen and carbon incorporation in GaNxAs1-x grown in a showerhead MOVPE reactor.pdf",
1,Papers published in refereed journals,"2018","Optimization of digital image processing to determine quantum dots height and density from atomic force microscopy.","Ruiz, J. E.; Paciornik, S.; Pinto, L. D.; Ptak, F.; Pires, M. P.; Souza, P. L.","ULTRAMICROSCOPY, v. 184, p. 234-241.","","","journal","https://doi.org/10.1016/j.ultramic.2017.09.004","","files\publications\papers\Ruiz, J. 2018 - Optimization of digital image processing to determine quantum dots’ height and density from atomic force microscopy.pdf",
1,Papers published in refereed journals,"2015","Early nucleation stages of low density InAs quantum dots nucleation on GaAs by MOVPE.","Torelly, G.; Jakomin, R.; Pinto, L. D.; Pires, M. P.; Ruiz, J.; Caldas, P. G.; Prioli, R.; Xie, H.; Ponce, F. A.; Souza, P. L.","Journal of Crystal Growth, v. 434, p. 47-54.","","","journal","http://revistas.inpi.gov.br/rpi/","","files\publications\papers\Torelly, G. 2016 - Early nucleation stages of low density InAs quantum dots nucleation on GaAs by MOVPE.pdf",
2,Articles published in proceedings,"2026","X-Ray Diffraction of Infrared Quantum Bragg Mirror Detector Structures Designed by Genetic Algorithm","Jailson Oliveira Santana; José Eduardo Ruiz Rosero; Pedro Henrique Pereira; Luciana Dornelas Pinto; Rudy Massami Sakamoto Kawabata; Jéssica de Oliveira Lorenzi; Guilherme Monteiro Torelly; Patrícia Lustoza de Souza; Maurício Pamplona Pires; Germano Maioli Penello","Journal of Integrated Circuits and Systems","","","proceedings","https://doi.org/10.29292/jics.v21i1.1198","","",
2,Articles published in proceedings,"2023","Cognitive Search: a free information retrieval web service to coronavirus scientific papers","Cristian Enrique Munoz Villalobos; Leonardo Alfredo Forero Mendoza; Renato Sayão da Rocha; Jose Eduardo Ruiz; Harold De Mello; Marco Aurélio Cavalcanti Pacheco","IEEE ColCACI 2023: IEEE Colombian Conference on Applications of Computational Intelligence.","","","proceedings","https://doi.org/10.1109/ColCACI59285.2023.10225924","","",
2,Articles published in proceedings,"2023","Mapping and Optimization of Oscillator Strength in Quantum Bragg Mirror Detectors as a Function of their Dimensions","Jose Ruiz; Pedro H. Pereira; Germano M. Penello; Guilherme M. Torelly; Patricia L. Souza; Mauricio P. Pires","SBMicro - 37th symposium on microelectronics technology and devices - Chip in Rio.","","","proceedings","https://doi.org/10.1109/SBMicro60499.2023.10302557","","",
2,Articles published in proceedings,"2021","e-mulate: a user-friendly software to calculate optoelectronic properties of quantum well systems.","Pereira, P. H.; Torelly, G. M.; Lacerda, M. S.; Souza, D. R.; Ruiz, J. E.; Souza, V. R.; Chipana, L. A.; Souza, P. L.; Penello, G. M.; Pires, M. P.","2021 35th Symposium on Microelectronics Technology and Devices (SBMicro), Campinas, Brazil. p. 1-4.","","","proceedings","https://doi.org/10.1109/SBMicro50945.2021.9585740","","",
2,Articles published in proceedings,"2018","Otimização da malha metálica de dedos coletores para o contato elétrico frontal de células solares por algoritmos genéticos","PEJENDINO, R. C.; MICHA, D. N.; RUIZ, J. E.; WEINER, E. C.; PIRES, M. P.; SOUZA, P. L.","VII Congresso Brasileiro de Energia Solar, 2018, Gramado/RS. VII Congresso Brasileiro de Energia Solar - CBENS.","","","proceedings","https://anaiscbens.emnuvens.com.br/cbens/article/view/259","","",
2,Articles published in proceedings,"2017","Optimization of contact grids for solar cells with genetic algorithms.","PEJENDINO, R. C.; RUIZ, J. E.; WEINER, E.; MICHA, D. N.; PIRES, M. P.; SOUZA, P. L.","32nd Symposium on Microelectronics Technology and Devices (SBMicro), Fortaleza, Brazil. p. 1.","","","proceedings","https://doi.org/10.1109/SBMicro.2017.8112975","","",
2,Articles published in proceedings,"2015","Optimization in digital image processing to determine quantum dots heights from atomic force microscopy.","RUIZ, J. E.; SOUZA, P. L.; DORNELAS, L. P.; PIRES, M. P.","XIV Brazil MRS Meeting, Rio de Janeiro. Proceedings of the XIV Brazil MRS Meeting, p. 222.","","","proceedings","http://sbpmat.org.br/14encontro/anais/pdfs/plenary/ASEA.pdf","","",
3,Preprints,"2020","A free web service for fast COVID-19 classification of chest X-Ray images","Jose David Bermudez Castro; Ricardo Rei; Jose E. Ruiz; Pedro Achanccaray Diaz; Smith Arauco Canchumuni; Cristian Muñoz Villalobos; Felipe Borges Coelho; Leonardo Forero Mendoza; Marco Aurelio C. Pacheco","arXiv 2009.01657.","","","preprints","https://doi.org/10.48550/arXiv.2009.01657","","",
4,Congress presentations,"2026","Dispersion of photonic crystal structures according to their bandgap for TE modes and TM modes.","L. Mouchel; J.E. Ruiz; T. Sabardeil; C. Rodriguez; T.M. Diallo; M.S. Rouifed; G. Hamon; M-J. Gour","Photonics North, Québec City, Canada.","","","conference","https://www.photonicsnorth.com/en","","",
4,Congress presentations,"2025","X-Ray Diffraction of Infrared Quantum Bragg Mirror Detectors Structures Designed by Artificial Intelligence","Jailson Santana; Jose E. R. Rosero; Pedro Henrique Pereira; Luciana D. Pinto; Rudy M. S. Kawabata; Guilherme M. Torelly; Germano M. Penello; Patrícia L. Souza; Mauricio P. Pires","SBMicro - 39th symposium on microelectronics technology and devices - Chip in the Jungle.","","","conference","https://sites.google.com/uea.edu.br/chip-in-the-jungle-2025/Program/program/sbmicro-program","","",
4,Congress presentations,"2025","Optimizing Quantum Bragg Mirror Detector:A Genetic Algorithm Approach","Pedro H. Pereira; Jose E. Ruiz; Guilherme M. Torelly; Mauricio P. Pires; Patricia L. Souza; Germano M. Penello","Mid-IR Optoelectronics: Materials and Devices XVII.","","","conference","https://miomd2025.conf.tuwien.ac.at/","","",
4,Congress presentations,"2023","Quantum Bragg Mirror Detector Optimization Applying Genetic Algorithms","Jose Ruiz; Pedro H. Pereira; Germano M. Penello; Guilherme M. Torelly; Patricia L. Souza; Mauricio P. Pires","Autumn Meeting of the Brazilian Physical Society, Ouro Preto.","","","conference","http://www1.fisica.org.br/~eosbf/2023/index.php/en/","","",
4,Congress presentations,"2023","Mapping and Optimization of Oscillator Strength in Quantum Bragg Mirror Detectors as a Function of their Dimensions","Jose Ruiz; Pedro H. Pereira; Germano M. Penello; Guilherme M. Torelly; Patricia L. Souza; Mauricio P. Pires","SBMicro - 37th symposium on microelectronics technology and devices - Chip in Rio.","","","conference","https://sbmicro.org.br/chip-eventos/chip2023/wp-content/uploads/2023/08/CHIP_Catalogo_.pdf","","",
4,Congress presentations,"2022","A Free Web Service for Fast COVID-19 Classification of Chest X-Ray Images with Artificial Intelligence","Jose David Bermudez Castro; Jose E. Ruiz; Pedro Achanccaray Diaz; Smith Arauco Canchumuni; Cristian Muñoz Villalobos; Felipe Borges Coelho; Leonardo Forero Mendoza; Marco Aurelio C. Pacheco ","Computational Science and Its Applications - ICCSA 2022. ICCSA 2022. Lecture Notes in Computer Science, vol 13375. Springer, Cham.","","","conference","https://doi.org/10.1007/978-3-031-10522-7_29","","",
4,Congress presentations,"2017","Dilute Nitride GaInNAs Growth with Low Decomposition Temperature Precursors by MOVPE.","RUIZ, J. E.; OHLMANN, J.; DIMROTH, F.; LACKNER, D.","DGKK “Deutsche Gesellschaft für Kristallwachstum und Kristallzüchtung” - Freiburg im Breisgau - Germany.","","","conference","https://www.ise.fraunhofer.de/content/dam/ise/de/downloads/pdf/DGKK_2017_Homepage-Programm.pdf","","",
4,Congress presentations,"2017","Simulação e otimização de células solares simples e multijunção com algoritmos genéticos.","PACHECO, M. A. C.; RUIZ, J. E.; GALVÃO, P.","2017. In: XIX CECEMM: Congresso dos Estudantes de Ciência e Engenharia de Materiais do MERCOSUL.","","","conference","","","",
4,Congress presentations,"2015","Dependence of the strain of InAs/InGaAlAs QDs on their size.","RUIZ, J. E.; PIRES, M. P.; SOUZA, P. L.","XIV Brazil MRS Meeting, 2015, Rio de Janeiro. Proceedings of the XIV Brazil MRS Meeting.","","","conference","http://sbpmat.org.br/14encontro/anais/pdfs/plenary/ASEV.pdf","","",
4,Congress presentations,"2015","From InAs extended monolayer flat 2D terraces to 3D islands grown on GaAs substrates.","Torelly, G; RUIZ, J.; JAKOMIN, R.; DORNELAS, L. P.; PIRES, M. P.; CALDAS, P. G.; PRIOLI, R.; XIE, H.; PONCE, F. A.; SOUZA, P. L.","In: XIV Brazil MRS Meeting, Rio de Janeiro.","","","conference","https://www.sbpmat.org.br/14encontro/anais/pdfs/plenary/ASEA.pdf","","",
10,Chapters in books,"2019","Otimização da malha metálica de dedos coletores para o contato elétrico frontal de células solares por algoritmos genéticos.","Roberto Carlos Pejendino Jojoa; Daniel Neves Micha; Jose Eduardo Ruiz Rosero; Eleonora Cominato Weiner; Mauricio Pamplona Pires; Patrícia Lustoza de Souza","Energia no Brasil. 1ed.: Editora Poisson, v. 1, p. 89-101.","","","book","https://doi.org/10.5935/978-85-7042-107-4","","",
20,Patents,"2021","Method for Extracting and Structuring Information","","BR 10 2021 023977-8. Issued Nov 26, 2021 - Journal number: 2662 - Section VI patents","","","patent","http://revistas.inpi.gov.br/rpi/","","",